{
 "train_g": 8,
 "sizes": [
  8,
  16,
  32,
  64
 ],
 "schemes": [
  "T1",
  "T2",
  "T4",
  "T8",
  "T16",
  "T32",
  "T64",
  "nl",
  "roll"
 ],
 "opd_alignment": 0.3118357675160233,
 "b0": {
  "adj_acc_unweighted": 0.4965617103540658,
  "adj_acc_w_mass": 0.51191023261154,
  "run_len_mean": 1.9787646597732447,
  "run_len_median": 1.0,
  "run_len_tokweighted": 2.719292961567409,
  "coherence": {
   "T1": 1.0,
   "T2": 0.9480715260928563,
   "T4": 0.8830323528418146,
   "T8": 0.806067014123839,
   "T16": 0.7186390076989682,
   "T32": 0.62972805469029,
   "T64": 0.543001175142213,
   "nl": 0.6632467953033053,
   "roll": 0.38600549516854055
  },
  "nl_seg_len_mean": 15.079455813421745,
  "nl_seg_len_median": 13.0
 },
 "b1": {
  "T1": {
   "8": {
    "acc": 0.6447948299989781,
    "acc_plain_sum": 0.6447948299989781,
    "realized": 0.2895896599967703,
    "n_blocks": 512610
   },
   "16": {
    "acc": 0.6893589828445127,
    "acc_plain_sum": 0.6893589828445129,
    "realized": 0.3787179656887316,
    "n_blocks": 1055342
   },
   "32": {
    "acc": 0.7424230026940271,
    "acc_plain_sum": 0.7424230026940271,
    "realized": 0.4848460053838547,
    "n_blocks": 2099952
   },
   "64": {
    "acc": 0.8117912344353042,
    "acc_plain_sum": 0.8117912344353041,
    "realized": 0.6235824688706083,
    "n_blocks": 4214152
   }
  },
  "T2": {
   "8": {
    "acc": 0.6478443499696249,
    "acc_plain_sum": 0.6432244092720204,
    "realized": 0.27990966831400227,
    "n_blocks": 256803
   },
   "16": {
    "acc": 0.6930211622617881,
    "acc_plain_sum": 0.6884831824644414,
    "realized": 0.36669278453488974,
    "n_blocks": 528690
   },
   "32": {
    "acc": 0.7450216141103839,
    "acc_plain_sum": 0.7409856170129746,
    "realized": 0.4645958452809036,
    "n_blocks": 1051983
   },
   "64": {
    "acc": 0.8143556350389712,
    "acc_plain_sum": 0.8077062366607277,
    "realized": 0.595815158081403,
    "n_blocks": 2111197
   }
  },
  "T4": {
   "8": {
    "acc": 0.6525022885765777,
    "acc_plain_sum": 0.6395514573851808,
    "realized": 0.26949125342898794,
    "n_blocks": 128923
   },
   "16": {
    "acc": 0.6986243499365246,
    "acc_plain_sum": 0.6880316453932398,
    "realized": 0.3524673928319791,
    "n_blocks": 265374
   },
   "32": {
    "acc": 0.7505827353173224,
    "acc_plain_sum": 0.7370442339948863,
    "realized": 0.4424635497132578,
    "n_blocks": 528072
   },
   "64": {
    "acc": 0.818398677145368,
    "acc_plain_sum": 0.8017299779450651,
    "realized": 0.5621418914844426,
    "n_blocks": 1059763
   }
  },
  "T8": {
   "8": {
    "acc": 0.6580553628587041,
    "acc_plain_sum": 0.6380324351190046,
    "realized": 0.25511009616314995,
    "n_blocks": 64936
   },
   "16": {
    "acc": 0.7034770622767424,
    "acc_plain_sum": 0.6831324526109297,
    "realized": 0.3307753494968217,
    "n_blocks": 133715
   },
   "32": {
    "acc": 0.75509266748707,
    "acc_plain_sum": 0.7303035192843186,
    "realized": 0.4115280688140327,
    "n_blocks": 265987
   },
   "64": {
    "acc": 0.8242066132105481,
    "acc_plain_sum": 0.7933056077800873,
    "realized": 0.5225895896193256,
    "n_blocks": 533880
   }
  },
  "T16": {
   "8": {
    "acc": 0.662280255138064,
    "acc_plain_sum": 0.6378310930407819,
    "realized": 0.234081249519237,
    "n_blocks": 32944
   },
   "16": {
    "acc": 0.7081400990225792,
    "acc_plain_sum": 0.6755874858268391,
    "realized": 0.3023551430722342,
    "n_blocks": 67825
   },
   "32": {
    "acc": 0.7621558261605222,
    "acc_plain_sum": 0.7213390562199838,
    "realized": 0.3777545305570575,
    "n_blocks": 134972
   },
   "64": {
    "acc": 0.8311471525151815,
    "acc_plain_sum": 0.7876253409300427,
    "realized": 0.47546996258454766,
    "n_blocks": 270900
   }
  },
  "T32": {
   "8": {
    "acc": 0.6747392492715417,
    "acc_plain_sum": 0.6339356002320321,
    "realized": 0.22077343624026094,
    "n_blocks": 16979
   },
   "16": {
    "acc": 0.7193448085110893,
    "acc_plain_sum": 0.6694321920278464,
    "realized": 0.2795882445271238,
    "n_blocks": 34970
   },
   "32": {
    "acc": 0.7700185789161825,
    "acc_plain_sum": 0.7163180175904741,
    "realized": 0.3417232943036117,
    "n_blocks": 69598
   },
   "64": {
    "acc": 0.8393544722374199,
    "acc_plain_sum": 0.7776267411812628,
    "realized": 0.42648939310816847,
    "n_blocks": 139672
   }
  },
  "T64": {
   "8": {
    "acc": 0.6793887310233253,
    "acc_plain_sum": 0.6220843267602221,
    "realized": 0.19597417674091355,
    "n_blocks": 9009
   },
   "16": {
    "acc": 0.7283902332128531,
    "acc_plain_sum": 0.6626491247022579,
    "realized": 0.2512009491222844,
    "n_blocks": 18542
   },
   "32": {
    "acc": 0.7794558703089676,
    "acc_plain_sum": 0.7093811304918217,
    "realized": 0.3048171521708425,
    "n_blocks": 36885
   },
   "64": {
    "acc": 0.8489236515118525,
    "acc_plain_sum": 0.7723857404465798,
    "realized": 0.37749169615414857,
    "n_blocks": 74028
   }
  },
  "nl": {
   "8": {
    "acc": 0.6704227074109005,
    "acc_plain_sum": 0.6499002477416361,
    "realized": 0.22721479319065374,
    "n_blocks": 33795
   },
   "16": {
    "acc": 0.7147903032726265,
    "acc_plain_sum": 0.6916932416642333,
    "realized": 0.2883416356911816,
    "n_blocks": 70389
   },
   "32": {
    "acc": 0.7695354104132003,
    "acc_plain_sum": 0.7364789736721185,
    "realized": 0.3582185847877518,
    "n_blocks": 139046
   },
   "64": {
    "acc": 0.8374992918856166,
    "acc_plain_sum": 0.7943515192375858,
    "realized": 0.44619878874185614,
    "n_blocks": 278093
   }
  },
  "roll": {
   "8": {
    "acc": 0.7005240908512279,
    "acc_plain_sum": 0.6262352127188666,
    "realized": 0.15697951380301872,
    "n_blocks": 2000
   },
   "16": {
    "acc": 0.7673558470894803,
    "acc_plain_sum": 0.6502913291624626,
    "realized": 0.2104955404076074,
    "n_blocks": 4096
   },
   "32": {
    "acc": 0.8148466214578812,
    "acc_plain_sum": 0.7106800034689199,
    "realized": 0.24753910494689838,
    "n_blocks": 8192
   },
   "64": {
    "acc": 0.8747713623593393,
    "acc_plain_sum": 0.7643063709502196,
    "realized": 0.28771125776915396,
    "n_blocks": 16384
   }
  }
 },
 "b2": {
  "T1": {
   "1.0": {
    "coverage_actual": 1.0,
    "acc": 0.6447948299989781,
    "realized_neutral": 0.2895896599967702,
    "realized_hybrid": 0.2895896599926751
   },
   "0.8": {
    "coverage_actual": 0.8,
    "acc": 0.6447948311630013,
    "realized_neutral": 0.28958966148396004,
    "realized_hybrid": 0.2895896623384862
   },
   "0.6": {
    "coverage_actual": 0.6,
    "acc": 0.6447950093297804,
    "realized_neutral": 0.2895894318783069,
    "realized_hybrid": 0.2895891743164947
   },
   "0.4": {
    "coverage_actual": 0.4,
    "acc": 0.6448517041568275,
    "realized_neutral": 0.28959705091886556,
    "realized_hybrid": 0.28958720107003255
   },
   "0.2": {
    "coverage_actual": 0.2,
    "acc": 0.6478184517678457,
    "realized_neutral": 0.2876477794201487,
    "realized_hybrid": 0.28888034227156206
   },
   "0.1": {
    "coverage_actual": 0.10000098329383769,
    "acc": 0.6608884682539081,
    "realized_neutral": 0.27782191416760715,
    "realized_hybrid": 0.2891979533501932
   }
  },
  "T2": {
   "1.0": {
    "coverage_actual": 1.0,
    "acc": 0.6478443499696253,
    "realized_neutral": 0.2799096683140022,
    "realized_hybrid": 0.2799096683140022
   },
   "0.8": {
    "coverage_actual": 0.8,
    "acc": 0.6478443590634579,
    "realized_neutral": 0.2799096776860323,
    "realized_hybrid": 0.2799096851590232
   },
   "0.6": {
    "coverage_actual": 0.6,
    "acc": 0.6478532888618118,
    "realized_neutral": 0.2799004347470096,
    "realized_hybrid": 0.2799418914013342
   },
   "0.4": {
    "coverage_actual": 0.4,
    "acc": 0.6485933890846617,
    "realized_neutral": 0.27966647792168825,
    "realized_hybrid": 0.2794645992356418
   },
   "0.2": {
    "coverage_actual": 0.2,
    "acc": 0.6595197635651939,
    "realized_neutral": 0.2743155567272056,