{
 "conditions": {
  "C0": {
   "acc": 0.6773115117296175,
   "realized": 0.3546230231660771
  },
  "C1": {
   "acc": 0.7086063570074891,
   "realized": 0.41721271401461246
  },
  "C2": {
   "acc": 0.6936665592335813,
   "realized": 0.38733311846661256
  },
  "C2m": {
   "acc": 0.7108964493483196,
   "realized": 0.4217928986964172
  },
  "C3": {
   "acc": 0.6737156607797126,
   "realized": 0.3474313215590797
  }
 },
 "n_tokens": 31063,
 "opd_alignment": 0.3692849098646936,
 "e2": {
  "folds": {
   "0": {
    "logistic": {
     "acc": 0.599090846380818,
     "realized": 0.19818181877095264,
     "acc_train": 0.7662640684941948,
     "n_test": 12138
    },
    "mlp": {
     "acc": 0.552801395924009,
     "realized": 0.10560284585201092,
     "acc_train": 0.8466430109894453,
     "n_test": 12138
    },
    "mlp_no_h": {
     "acc": 0.4849229492631767,
     "realized": -0.030154119474977502,
     "acc_train": 0.8123579177358299,
     "n_test": 12138
    }
   },
   "1": {
    "logistic": {
     "acc": 0.5879487894651612,
     "realized": 0.17589762462398684,
     "acc_train": 0.7553504710363008,
     "n_test": 8987
    },
    "mlp": {
     "acc": 0.6054548243797512,
     "realized": 0.21090958783461622,
     "acc_train": 0.8399899794634403,
     "n_test": 8987
    },
    "mlp_no_h": {
     "acc": 0.6542643703833406,
     "realized": 0.3085287407666812,
     "acc_train": 0.7809374919640231,
     "n_test": 8987
    }
   },
   "2": {
    "logistic": {
     "acc": 0.5134795542270598,
     "realized": 0.026959090462573446,
     "acc_train": 0.7691633213334985,
     "n_test": 12159
    },
    "mlp": {
     "acc": 0.5187736746257668,
     "realized": 0.03754731551738469,
     "acc_train": 0.857257003345933,
     "n_test": 12159
    },
    "mlp_no_h": {
     "acc": 0.6612659643486718,
     "realized": 0.3225319286973437,
     "acc_train": 0.7894681010248623,
     "n_test": 12159
    }
   },
   "3": {
    "logistic": {
     "acc": 0.6059025694683975,
     "realized": 0.21180516303041008,
     "acc_train": 0.7301681709582081,
     "n_test": 9030
    },
    "mlp": {
     "acc": 0.6017147618591906,
     "realized": 0.20342954781199618,
     "acc_train": 0.8416958717546635,
     "n_test": 9030
    },
    "mlp_no_h": {
     "acc": 0.6550873234528309,
     "realized": 0.3101745987184317,
     "acc_train": 0.7889097192696777,
     "n_test": 9030
    }
   },
   "4": {
    "logistic": {
     "acc": 0.6350322809063159,
     "realized": 0.2700645326392719,
     "acc_train": 0.7706601442596779,
     "n_test": 11425
    },
    "mlp": {
     "acc": 0.6189116656331518,
     "realized": 0.23782333126630353,
     "acc_train": 0.8537532986206843,
     "n_test": 11425
    },
    "mlp_no_h": {
     "acc": 0.4991286500832841,
     "realized": -0.0017426907167567812,
     "acc_train": 0.7970760501101509,
     "n_test": 11425
    }
   },
   "5": {
    "logistic": {
     "acc": 0.7268778704656803,
     "realized": 0.453755823789523,
     "acc_train": 0.751223412816452,
     "n_test": 10611
    },
    "mlp": {
     "acc": 0.7271994429942885,
     "realized": 0.45439888598857703,
     "acc_train": 0.8483319840160395,
     "n_test": 10611
    },
    "mlp_no_h": {
     "acc": 0.6506399923041338,
     "realized": 0.301280026037349,
     "acc_train": 0.7852354560512642,
     "n_test": 10611
    }
   },
   "6": {
    "logistic": {
     "acc": 0.784746918344643,
     "realized": 0.5694939004349238,
     "acc_train": 0.7589893283622726,
     "n_test": 8086
    },
    "mlp": {
     "acc": 0.7745504211419292,
     "realized": 0.5491008422838584,
     "acc_train": 0.8476591563949305,
     "n_test": 8086
    },
    "mlp_no_h": {
     "acc": 0.8053015716869416,
     "realized": 0.6106030158826081,
     "acc_train": 0.7790500608831357,
     "n_test": 8086
    }
   },
   "7": {
    "logistic": {
     "acc": 0.6041499322617977,
     "realized": 0.2082999062206175,
     "acc_train": 0.7468459901941555,
     "n_test": 11409
    },
    "mlp": {
     "acc": 0.615132483114374,
     "realized": 0.23026509131981415,
     "acc_train": 0.8392580101429791,
     "n_test": 11409
    },
    "mlp_no_h": {
     "acc": 0.5606097905942192,
     "realized": 0.12121958118843852,
     "acc_train": 0.7999922264691471,
     "n_test": 11409
    }
   }
  },
  "logistic": {
   "acc_heldout_mean": 0.6321535951899842,
   "acc_heldout_min": 0.5134795542270598,
   "realized_mean": 0.2643072324965324,
   "acc_train_mean": 0.7560831134318451
  },
  "mlp": {
   "acc_heldout_mean": 0.6268173337090577,
   "acc_heldout_min": 0.5187736746257668,
   "realized_mean": 0.2536346809843201,
   "acc_train_mean": 0.8468235393410144
  },
  "mlp_no_h": {
   "acc_heldout_mean": 0.6214025765145748,
   "acc_heldout_min": 0.4849229492631767,
   "realized_mean": 0.24280513513738977,
   "acc_train_mean": 0.7916283779385114
  }
 }
}