{
 "train_g": 8,
 "sizes": [
  8,
  16,
  32,
  64
 ],
 "schemes": [
  "T1",
  "T2",
  "T4",
  "T8",
  "T16",
  "T32",
  "T64",
  "nl",
  "roll"
 ],
 "opd_alignment": 0.08528052929094551,
 "b0": {
  "adj_acc_unweighted": 0.5067542687125556,
  "adj_acc_w_mass": 0.5032635891885076,
  "run_len_mean": 2.0234749901924145,
  "run_len_median": 2.0,
  "run_len_tokweighted": 2.956426754828171,
  "coherence": {
   "T1": 1.0,
   "T2": 0.9418434194280804,
   "T4": 0.8672143814006047,
   "T8": 0.7798080541011687,
   "T16": 0.6815962675491513,
   "T32": 0.579555758856335,
   "T64": 0.4785550698734889,
   "nl": 0.5439706036068387,
   "roll": 0.22442650959092855
  },
  "nl_seg_len_mean": 17.400655528019826,
  "nl_seg_len_median": 12.0
 },
 "b1": {
  "T1": {
   "8": {
    "acc": 0.5866068637138574,
    "acc_plain_sum": 0.5866068637138574,
    "realized": 0.17321299743450483,
    "n_blocks": 1046276
   },
   "16": {
    "acc": 0.6270347637731654,
    "acc_plain_sum": 0.6270347637731654,
    "realized": 0.25406938272682567,
    "n_blocks": 2181139
   },
   "32": {
    "acc": 0.67967226583789,
    "acc_plain_sum": 0.67967226583789,
    "realized": 0.35934451809707685,
    "n_blocks": 4357104
   },
   "64": {
    "acc": 0.7617174326176759,
    "acc_plain_sum": 0.761717432617676,
    "realized": 0.5234348652353513,
    "n_blocks": 8673983
   }
  },
  "T2": {
   "8": {
    "acc": 0.5870748547340022,
    "acc_plain_sum": 0.5827898218087961,
    "realized": 0.16414234392600527,
    "n_blocks": 523639
   },
   "16": {
    "acc": 0.6289081959365291,
    "acc_plain_sum": 0.6250795748634621,
    "realized": 0.24256925761337408,
    "n_blocks": 1091605
   },
   "32": {
    "acc": 0.6800314042233273,
    "acc_plain_sum": 0.6747773591162186,
    "realized": 0.33925929372833125,
    "n_blocks": 2180612
   },
   "64": {
    "acc": 0.7623152174375929,
    "acc_plain_sum": 0.7552132650959396,
    "realized": 0.4940817968831443,
    "n_blocks": 4341072
   }
  },
  "T4": {
   "8": {
    "acc": 0.5871618882956124,
    "acc_plain_sum": 0.5809627619070491,
    "realized": 0.15129043784577983,
    "n_blocks": 262316
   },
   "16": {
    "acc": 0.6296596075964253,
    "acc_plain_sum": 0.6204180669177501,
    "realized": 0.22439824415254486,
    "n_blocks": 546832
   },
   "32": {
    "acc": 0.6807946333090722,
    "acc_plain_sum": 0.6717493163279046,
    "realized": 0.3137644523498851,
    "n_blocks": 1092331
   },
   "64": {
    "acc": 0.7631311364565921,
    "acc_plain_sum": 0.7466595616152469,
    "realized": 0.45630819043616017,
    "n_blocks": 2174546
   }
  },
  "T8": {
   "8": {
    "acc": 0.5886097896539111,
    "acc_plain_sum": 0.5789947278347091,
    "realized": 0.13824622097952285,
    "n_blocks": 131654
   },
   "16": {
    "acc": 0.629595814603152,
    "acc_plain_sum": 0.6162498796038216,
    "realized": 0.20136585198755153,
    "n_blocks": 274441
   },
   "32": {
    "acc": 0.6818345785854173,
    "acc_plain_sum": 0.6646586420316196,
    "realized": 0.2839352266904154,
    "n_blocks": 548225
   },
   "64": {
    "acc": 0.7634891560058298,
    "acc_plain_sum": 0.7379421742724057,
    "realized": 0.41048762875731876,
    "n_blocks": 1091393
   }
  },
  "T16": {
   "8": {
    "acc": 0.5895740451399069,
    "acc_plain_sum": 0.5701059320488215,
    "realized": 0.12220180435477594,
    "n_blocks": 66302
   },
   "16": {
    "acc": 0.6305295295432716,
    "acc_plain_sum": 0.6077213353098044,
    "realized": 0.1773099506502228,
    "n_blocks": 138231
   },
   "32": {
    "acc": 0.6821566875825428,
    "acc_plain_sum": 0.6583084714844555,
    "realized": 0.24874911646582806,
    "n_blocks": 276094
   },
   "64": {
    "acc": 0.7622889693126803,
    "acc_plain_sum": 0.7299299940543568,
    "realized": 0.3572575296575614,
    "n_blocks": 549670
   }
  },
  "T32": {
   "8": {
    "acc": 0.5871364030143329,
    "acc_plain_sum": 0.5632828226582988,
    "realized": 0.10163077746604404,
    "n_blocks": 33630
   },
   "16": {
    "acc": 0.6312816224854154,
    "acc_plain_sum": 0.6052525404492469,
    "realized": 0.1512798299503705,
    "n_blocks": 70164
   },
   "32": {
    "acc": 0.6851762952227655,
    "acc_plain_sum": 0.6529969935377625,
    "realized": 0.21536569913606599,
    "n_blocks": 140105
   },
   "64": {
    "acc": 0.7655014897052433,
    "acc_plain_sum": 0.7233835578025788,
    "realized": 0.3079940133823029,
    "n_blocks": 278946
   }
  },
  "T64": {
   "8": {
    "acc": 0.5873530037878251,
    "acc_plain_sum": 0.5682717475838545,
    "realized": 0.08397073634550387,
    "n_blocks": 17306
   },
   "16": {
    "acc": 0.6344795888867416,
    "acc_plain_sum": 0.6028093337978703,
    "realized": 0.12765753120088866,
    "n_blocks": 36110
   },
   "32": {
    "acc": 0.6878049255419956,
    "acc_plain_sum": 0.6505282652474617,
    "realized": 0.18008928970557544,
    "n_blocks": 72095
   },
   "64": {
    "acc": 0.765598643559542,
    "acc_plain_sum": 0.7148101156287995,
    "realized": 0.254942996557233,
    "n_blocks": 143612
   }
  },
  "nl": {
   "8": {
    "acc": 0.5932697341617492,
    "acc_plain_sum": 0.5687734040774161,
    "realized": 0.10184585515871879,
    "n_blocks": 59246
   },
   "16": {
    "acc": 0.6307848162970277,
    "acc_plain_sum": 0.6084841534989497,
    "realized": 0.14136946845674245,
    "n_blocks": 125530
   },
   "32": {
    "acc": 0.6857860024791264,
    "acc_plain_sum": 0.6628298918430581,
    "realized": 0.2029881256871709,
    "n_blocks": 249695
   },
   "64": {
    "acc": 0.767328498472301,
    "acc_plain_sum": 0.7309032051838434,
    "realized": 0.29129902829462395,
    "n_blocks": 498706
   }
  },
  "roll": {
   "8": {
    "acc": 0.579303532949912,
    "acc_plain_sum": 0.5478569755956657,
    "realized": 0.036650335113665895,
    "n_blocks": 1968
   },
   "16": {
    "acc": 0.6119513450479582,
    "acc_plain_sum": 0.5752377025964013,
    "realized": 0.049881877848792035,
    "n_blocks": 4096
   },
   "32": {
    "acc": 0.6899643521701976,
    "acc_plain_sum": 0.6193292849531605,
    "realized": 0.08536307598116767,
    "n_blocks": 8192
   },
   "64": {
    "acc": 0.7642421612890278,
    "acc_plain_sum": 0.6890790645020038,
    "realized": 0.11948753671041913,
    "n_blocks": 16384
   }
  }
 },
 "b2": {
  "T1": {
   "1.0": {
    "coverage_actual": 1.0,
    "acc": 0.5866068637138576,
    "realized_neutral": 0.17321299743450483,
    "realized_hybrid": 0.17321721184187744
   },
   "0.8": {
    "coverage_actual": 0.7999994184141705,
    "acc": 0.5866068637380613,
    "realized_neutral": 0.17321299745829566,
    "realized_hybrid": 0.173217211895183
   },
   "0.6": {
    "coverage_actual": 0.5999998061380568,
    "acc": 0.5866069022015985,
    "realized_neutral": 0.17321305274027454,
    "realized_hybrid": 0.1732173390094392
   },
   "0.4": {
    "coverage_actual": 0.40000019386194313,
    "acc": 0.5866102687597876,
    "realized_neutral": 0.1732110834172477,
    "realized_hybrid": 0.17321568743011653
   },
   "0.2": {
    "coverage_actual": 0.20000058158582948,
    "acc": 0.5873087426921006,
    "realized_neutral": 0.17266552455655657,
    "realized_hybrid": 0.17312084199661765
   },
   "0.1": {
    "coverage_actual": 0.10000077544777262,
    "acc": 0.5940700221993496,
    "realized_neutral": 0.16774210416388566,
    "realized_hybrid": 0.17060447640060597
   }
  },
  "T2": {
   "1.0": {
    "coverage_actual": 1.0,
    "acc": 0.5870748547340023,
    "realized_neutral": 0.16414234392600519,
    "realized_hybrid": 0.16414234392600519
   },
   "0.8": {
    "coverage_actual": 0.7999996174986708,
    "acc": 0.5870748548965026,
    "realized_neutral": 0.16414234407765516,
    "realized_hybrid": 0.16414234433908823
   },
   "0.6": {
    "coverage_actual": 0.5999992349973416,
    "acc": 0.5870738554537037,
    "realized_neutral": 0.16413964207275855,
    "realized_hybrid": 0.1641373906382482
   },
   "0.4": {
    "coverage_actual": 0.4000007650026584,
    "acc": 0.5871138408684861,
    "realized_neutral": 0.16406087961158053,