{
 "conditions": {
  "C0": {
   "acc": 0.5931595113835373,
   "realized": 0.1863190227279065
  },
  "C1": {
   "acc": 0.553647412328837,
   "realized": 0.10729482465757295
  },
  "C2": {
   "acc": 0.553557633486487,
   "realized": 0.10711526697295431
  },
  "C2m": {
   "acc": 0.5801035342804086,
   "realized": 0.16020706855058214
  },
  "C3": {
   "acc": 0.5292641961832067,
   "realized": 0.05852839236602166
  }
 },
 "n_tokens": 32768,
 "opd_alignment": 0.07650343766785897,
 "e2": {
  "folds": {
   "0": {
    "logistic": {
     "acc": 0.5301070205272971,
     "realized": 0.06021408037570429,
     "acc_train": 0.6974424574723564,
     "n_test": 11909
    },
    "mlp": {
     "acc": 0.4797783065331133,
     "realized": -0.04044336727321838,
     "acc_train": 0.8781307222512681,
     "n_test": 11909
    },
    "mlp_no_h": {
     "acc": 0.5244686879185207,
     "realized": 0.04893738566731908,
     "acc_train": 0.7337340966065243,
     "n_test": 11909
    }
   },
   "1": {
    "logistic": {
     "acc": 0.5413014893201319,
     "realized": 0.08260289072622203,
     "acc_train": 0.6853626334164374,
     "n_test": 12197
    },
    "mlp": {
     "acc": 0.5573012119337474,
     "realized": 0.11460238870187814,
     "acc_train": 0.8725077066735143,
     "n_test": 12197
    },
    "mlp_no_h": {
     "acc": 0.6118318655908238,
     "realized": 0.2236637311816477,
     "acc_train": 0.7271050467579109,
     "n_test": 12197
    }
   },
   "2": {
    "logistic": {
     "acc": 0.5139627038439262,
     "realized": 0.027925373186614963,
     "acc_train": 0.6727604538491203,
     "n_test": 12035
    },
    "mlp": {
     "acc": 0.5035856658292951,
     "realized": 0.007171293176440814,
     "acc_train": 0.8743746807014704,
     "n_test": 12035
    },
    "mlp_no_h": {
     "acc": 0.47625932701143275,
     "realized": -0.04748143090325726,
     "acc_train": 0.7393887363775409,
     "n_test": 12035
    }
   },
   "3": {
    "logistic": {
     "acc": 0.5040682158704328,
     "realized": 0.008136483923266444,
     "acc_train": 0.6898701243815918,
     "n_test": 12288
    },
    "mlp": {
     "acc": 0.5337815200676436,
     "realized": 0.06756298320903169,
     "acc_train": 0.8677616034897634,
     "n_test": 12288
    },
    "mlp_no_h": {
     "acc": 0.5916326374161855,
     "realized": 0.18326527483237115,
     "acc_train": 0.731448415580848,
     "n_test": 12288
    }
   },
   "4": {
    "logistic": {
     "acc": 0.5501884156198523,
     "realized": 0.1003768083914775,
     "acc_train": 0.671272125627091,
     "n_test": 12288
    },
    "mlp": {
     "acc": 0.48830796814555016,
     "realized": -0.023384069420956468,
     "acc_train": 0.8701063523529152,
     "n_test": 12288
    },
    "mlp_no_h": {
     "acc": 0.5461440966395924,
     "realized": 0.092288164718901,
     "acc_train": 0.7234145693484632,
     "n_test": 12288
    }
   },
   "5": {
    "logistic": {
     "acc": 0.5773866688267872,
     "realized": 0.1547734420408463,
     "acc_train": 0.6871431984393079,
     "n_test": 12268
    },
    "mlp": {
     "acc": 0.5447814088774277,
     "realized": 0.08956290909371806,
     "acc_train": 0.8590221655922926,
     "n_test": 12268
    },
    "mlp_no_h": {
     "acc": 0.5752578991936292,
     "realized": 0.15051592887134813,
     "acc_train": 0.7313026336466102,
     "n_test": 12268
    }
   },
   "6": {
    "logistic": {
     "acc": 0.5267271983472069,
     "realized": 0.05345433395641497,
     "acc_train": 0.6990203059759876,
     "n_test": 12288
    },
    "mlp": {
     "acc": 0.5225380759811605,
     "realized": 0.0450760795723222,
     "acc_train": 0.8602832667614313,
     "n_test": 12288
    },
    "mlp_no_h": {
     "acc": 0.4782904902937945,
     "realized": -0.043419062846410277,
     "acc_train": 0.7334019787796033,
     "n_test": 12288
    }
   },
   "7": {
    "logistic": {
     "acc": 0.4670850625010863,
     "realized": -0.06582979453399533,
     "acc_train": 0.7278982678399385,
     "n_test": 12101
    },
    "mlp": {
     "acc": 0.44355659310984985,
     "realized": -0.1128867735483842,
     "acc_train": 0.8859933210082284,
     "n_test": 12101
    },
    "mlp_no_h": {
     "acc": 0.5187663381811183,
     "realized": 0.03753267887673134,
     "acc_train": 0.7445275984435215,
     "n_test": 12101
    }
   }
  },
  "logistic": {
   "acc_heldout_mean": 0.5263533468570901,
   "acc_heldout_min": 0.4670850625010863,
   "realized_mean": 0.052706702258318895,
   "acc_train_mean": 0.6913461958752289
  },
  "mlp": {
   "acc_heldout_mean": 0.5092038438097235,
   "acc_heldout_min": 0.44355659310984985,
   "realized_mean": 0.018407680438853984,
   "acc_train_mean": 0.8710224773538604
  },
  "mlp_no_h": {
   "acc_heldout_mean": 0.5403314177806371,
   "acc_heldout_min": 0.47625932701143275,
   "realized_mean": 0.08066283379983136,
   "acc_train_mean": 0.7330403844426279
  }
 }
}